timestamp,provider,gpu,min_price_hr,median_price_hr,max_price_hr,on_demand_hr,spot_price_hr,num_offers,availability,top_regions
2026-03-11 04:17:38,Vast.ai,H200,1.9368,2.3234,2.4518,,1.9368,10,Available,US:3; BG:3; CZ:2
2026-03-11 04:17:38,Vast.ai,H100,1.3289,1.7676,2.2689,,1.3289,8,Available,US:2; NL:2; AU:2
2026-03-11 04:17:38,Vast.ai,B200,3.002,3.126,3.127,,3.002,3,Available,US:3
2026-03-11 04:17:38,Vast.ai,RTX 4090,0.2437,0.2692,0.2947,,0.2437,2,Available,US:1; GB:1
2026-03-11 04:17:38,Vast.ai,RTX 3090,0.123,0.123,0.123,,0.123,1,Available,CN:1
2026-03-11 04:17:38,RunPod,A100 40GB,0.6,1.19,1.39,1.19,0.6,,Unknown,
2026-03-11 04:17:38,RunPod,A100 80GB,0.79,1.39,1.49,1.39,0.79,,Unknown,
2026-03-11 04:17:38,RunPod,B200,4.99,5.98,4.99,5.98,,,Unknown,
2026-03-11 04:17:38,RunPod,RTX 3090,0.11,0.22,0.46,0.22,0.11,,Unknown,
2026-03-11 04:17:38,RunPod,RTX 3090,0.14,0.27,0.46,0.27,0.14,,Unknown,
2026-03-11 04:17:38,RunPod,RTX 4090,0.2,0.34,0.59,0.34,0.2,,Unknown,
2026-03-11 04:17:38,RunPod,H100,1.5,2.69,2.69,2.69,1.5,,Unknown,
2026-03-11 04:17:38,RunPod,H100,1.4,2.59,3.07,2.59,1.4,,Unknown,
2026-03-11 04:17:38,RunPod,H100,1.35,1.99,2.39,1.99,1.35,,Unknown,
2026-03-11 04:17:38,RunPod,H200,3.59,3.59,3.59,3.59,,,Unknown,
2026-03-11 04:17:38,RunPod,H200,0.5,0.5,3.39,0.5,,,Unknown,
2026-03-11 04:17:38,RunPod,L40,0.69,0.69,0.99,0.69,,,Unknown,
2026-03-11 04:17:38,RunPod,L40S,0.4,0.79,0.86,0.79,0.4,,Unknown,
2026-03-11 04:17:38,RunPod,RTX A6000,0.25,0.33,0.49,0.33,0.25,,Unknown,
2026-03-11 04:17:38,Lambda,H200,1.99,1.99,1.99,1.99,,1,Available,"Washington DC, USA"
2026-03-11 04:17:38,Lambda,B200,5.74,5.74,5.74,5.74,,0,Unavailable,
2026-03-11 04:17:38,Lambda,B200,5.85,5.85,5.85,5.85,,0,Unavailable,
2026-03-11 04:17:38,Lambda,B200,5.97,5.97,5.97,5.97,,0,Unavailable,
2026-03-11 04:17:38,Lambda,B200,6.08,6.08,6.08,6.08,,1,Available,"Sydney, Australia"
2026-03-11 04:17:38,Lambda,H100,3.44,3.44,3.44,3.44,,0,Unavailable,
2026-03-11 04:17:38,Lambda,H100,3.55,3.55,3.55,3.55,,0,Unavailable,
2026-03-11 04:17:38,Lambda,H100,3.67,3.67,3.67,3.67,,0,Unavailable,
2026-03-11 04:17:38,Lambda,H100,3.78,3.78,3.78,3.78,,1,Available,"Central Texas, USA"
2026-03-11 04:17:38,Lambda,H100,2.86,2.86,2.86,2.86,,0,Unavailable,
2026-03-11 04:17:38,Lambda,A10,2.06,2.06,2.06,2.06,,1,Available,"Illinois, USA"
2026-03-11 04:17:38,Lambda,A10,0.86,0.86,0.86,0.86,,0,Unavailable,
2026-03-11 04:17:38,Lambda,A10,1.48,1.48,1.48,1.48,,0,Unavailable,
2026-03-11 04:17:38,Lambda,A10,1.48,1.48,1.48,1.48,,1,Available,"Arizona, USA"
2026-03-11 04:17:38,Lambda,A10,1.48,1.48,1.48,1.48,,0,Unavailable,
2026-03-11 04:17:38,Lambda,A10,1.48,1.48,1.48,1.48,,0,Unavailable,
2026-03-11 04:17:38,Lambda,A10,1.48,1.48,1.48,1.48,,2,Available,"Tokyo, Japan; Germany"
2026-03-11 04:17:38,Lambda,RTX A6000,0.92,0.92,0.92,0.92,,0,Unavailable,
2026-03-11 04:17:38,Lambda,RTX A6000,0.92,0.92,0.92,0.92,,0,Unavailable,
2026-03-11 04:17:38,Lambda,RTX A6000,0.92,0.92,0.92,0.92,,0,Unavailable,
2026-03-11 04:32:42,Vast.ai,H200,1.9368,2.3121,3.1618,,1.9368,10,Available,US:3; BG:3; CZ:2
2026-03-11 04:32:42,Vast.ai,B200,3.002,3.126,3.1263,,3.002,3,Available,US:3
2026-03-11 04:32:42,Vast.ai,H100,1.4672,1.8674,2.2689,,1.4672,7,Available,NL:2; AU:2; TH:1
2026-03-11 04:32:42,Vast.ai,RTX 3090,0.1104,0.1104,0.1104,,0.1104,1,Available,US:1
2026-03-11 04:32:42,Vast.ai,RTX 4090,0.3111,0.3892,0.4674,,0.3111,2,Available,US:1; GB:1
2026-03-11 04:32:42,RunPod,A100 40GB,0.6,1.19,1.39,1.19,0.6,,Unknown,
2026-03-11 04:32:42,RunPod,A100 80GB,0.79,1.39,1.49,1.39,0.79,,Unknown,
2026-03-11 04:32:42,RunPod,B200,4.99,5.98,4.99,5.98,,,Unknown,
2026-03-11 04:32:42,RunPod,RTX 3090,0.11,0.22,0.46,0.22,0.11,,Unknown,
2026-03-11 04:32:42,RunPod,RTX 3090,0.14,0.27,0.46,0.27,0.14,,Unknown,
2026-03-11 04:32:42,RunPod,RTX 4090,0.2,0.34,0.59,0.34,0.2,,Unknown,
2026-03-11 04:32:42,RunPod,H100,1.5,2.69,2.69,2.69,1.5,,Unknown,
2026-03-11 04:32:42,RunPod,H100,1.4,2.59,3.07,2.59,1.4,,Unknown,
2026-03-11 04:32:42,RunPod,H100,1.35,1.99,2.39,1.99,1.35,,Unknown,
2026-03-11 04:32:42,RunPod,H200,3.59,3.59,3.59,3.59,,,Unknown,
2026-03-11 04:32:42,RunPod,H200,0.5,0.5,3.39,0.5,,,Unknown,
2026-03-11 04:32:42,RunPod,L40,0.69,0.69,0.99,0.69,,,Unknown,
2026-03-11 04:32:42,RunPod,L40S,0.4,0.79,0.86,0.79,0.4,,Unknown,
2026-03-11 04:32:42,RunPod,RTX A6000,0.25,0.33,0.49,0.33,0.25,,Unknown,
2026-03-11 04:32:42,Lambda,H200,1.99,1.99,1.99,1.99,,1,Available,"Washington DC, USA"
2026-03-11 04:32:42,Lambda,B200,5.74,5.74,5.74,5.74,,0,Unavailable,
2026-03-11 04:32:42,Lambda,B200,5.85,5.85,5.85,5.85,,0,Unavailable,
2026-03-11 04:32:42,Lambda,B200,5.97,5.97,5.97,5.97,,0,Unavailable,
2026-03-11 04:32:42,Lambda,B200,6.08,6.08,6.08,6.08,,1,Available,"Sydney, Australia"
2026-03-11 04:32:42,Lambda,H100,3.44,3.44,3.44,3.44,,0,Unavailable,
2026-03-11 04:32:42,Lambda,H100,3.55,3.55,3.55,3.55,,0,Unavailable,
2026-03-11 04:32:42,Lambda,H100,3.67,3.67,3.67,3.67,,0,Unavailable,
2026-03-11 04:32:42,Lambda,H100,3.78,3.78,3.78,3.78,,0,Unavailable,
2026-03-11 04:32:42,Lambda,H100,2.86,2.86,2.86,2.86,,0,Unavailable,
2026-03-11 04:32:42,Lambda,A10,2.06,2.06,2.06,2.06,,1,Available,"Sydney, Australia"
2026-03-11 04:32:42,Lambda,A10,0.86,0.86,0.86,0.86,,0,Unavailable,
2026-03-11 04:32:42,Lambda,A10,1.48,1.48,1.48,1.48,,0,Unavailable,
2026-03-11 04:32:42,Lambda,A10,1.48,1.48,1.48,1.48,,1,Available,"Arizona, USA"
2026-03-11 04:32:42,Lambda,A10,1.48,1.48,1.48,1.48,,0,Unavailable,
2026-03-11 04:32:42,Lambda,A10,1.48,1.48,1.48,1.48,,0,Unavailable,
2026-03-11 04:32:42,Lambda,A10,1.48,1.48,1.48,1.48,,2,Available,"Tokyo, Japan; Germany"
2026-03-11 04:32:42,Lambda,RTX A6000,0.92,0.92,0.92,0.92,,0,Unavailable,
2026-03-11 04:32:42,Lambda,RTX A6000,0.92,0.92,0.92,0.92,,0,Unavailable,
2026-03-11 04:32:42,Lambda,RTX A6000,0.92,0.92,0.92,0.92,,0,Unavailable,
2026-03-11 04:49:47,Vast.ai,H200,2.1333,2.3039,2.8409,,2.1333,9,Available,BG:3; US:3; CZ:2
2026-03-11 04:49:47,Vast.ai,B200,3.002,3.1258,3.127,,3.002,4,Available,US:4
2026-03-11 04:49:47,Vast.ai,H100,1.4672,1.867,2.2678,,1.4672,9,Available,NL:3; US:2; AU:2
2026-03-11 04:49:47,RunPod,B200,4.99,5.98,4.99,5.98,,,Unknown,
2026-03-11 04:49:47,RunPod,B300,6.19,6.19,6.59,6.19,6.19,,Unknown,
2026-03-11 04:49:47,RunPod,H100,1.5,2.69,2.69,2.69,1.5,,Unknown,
2026-03-11 04:49:47,RunPod,H100,1.4,2.59,3.07,2.59,1.4,,Unknown,
2026-03-11 04:49:47,RunPod,H100,1.35,1.99,2.39,1.99,1.35,,Unknown,
2026-03-11 04:49:47,RunPod,H200,3.59,3.59,3.59,3.59,,,Unknown,
2026-03-11 04:49:47,RunPod,H200,0.5,0.5,3.39,0.5,,,Unknown,
2026-03-11 04:49:47,RunPod,L40S,0.4,0.79,0.86,0.79,0.4,,Unknown,
2026-03-11 04:49:47,RunPod,RTX A6000,0.25,0.33,0.49,0.33,0.25,,Unknown,
2026-03-11 04:49:47,Lambda,H200,1.99,1.99,1.99,1.99,,1,Available,"Washington DC, USA"
2026-03-11 04:49:47,Lambda,B200,5.74,5.74,5.74,5.74,,0,Unavailable,
2026-03-11 04:49:47,Lambda,B200,5.85,5.85,5.85,5.85,,0,Unavailable,
2026-03-11 04:49:47,Lambda,B200,5.97,5.97,5.97,5.97,,0,Unavailable,
2026-03-11 04:49:47,Lambda,B200,6.08,6.08,6.08,6.08,,0,Unavailable,
2026-03-11 04:49:47,Lambda,H100,3.44,3.44,3.44,3.44,,0,Unavailable,
2026-03-11 04:49:47,Lambda,H100,3.55,3.55,3.55,3.55,,0,Unavailable,
2026-03-11 04:49:47,Lambda,H100,3.67,3.67,3.67,3.67,,0,Unavailable,
2026-03-11 04:49:47,Lambda,H100,3.78,3.78,3.78,3.78,,0,Unavailable,
2026-03-11 04:49:47,Lambda,H100,2.86,2.86,2.86,2.86,,0,Unavailable,
2026-03-11 04:49:47,Lambda,RTX A6000,0.92,0.92,0.92,0.92,,0,Unavailable,
2026-03-11 04:49:47,Lambda,RTX A6000,0.92,0.92,0.92,0.92,,0,Unavailable,
2026-03-11 04:49:47,Lambda,RTX A6000,0.92,0.92,0.92,0.92,,0,Unavailable,
2026-03-11 04:54:34,Vast.ai,H200,1.9368,2.1341,2.3359,,1.9368,10,Available,US:4; BG:3; CZ:2
2026-03-11 04:54:34,Vast.ai,B200,3.002,3.1258,3.127,,3.002,4,Available,US:4
2026-03-11 04:54:34,Vast.ai,H100,1.5356,1.8674,2.2678,,1.5356,9,Available,US:3; NL:3; AU:3
2026-03-11 04:54:34,RunPod,B200,4.99,5.98,4.99,5.98,,,Unknown,
2026-03-11 04:54:34,RunPod,B300,6.19,6.19,6.59,6.19,6.19,,Unknown,
2026-03-11 04:54:34,RunPod,H100,1.5,2.69,2.69,2.69,1.5,,Unknown,
2026-03-11 04:54:34,RunPod,H100,1.4,2.59,3.07,2.59,1.4,,Unknown,
2026-03-11 04:54:34,RunPod,H100,1.35,1.99,2.39,1.99,1.35,,Unknown,
2026-03-11 04:54:34,RunPod,H200,3.59,3.59,3.59,3.59,,,Unknown,
2026-03-11 04:54:34,RunPod,H200,0.5,0.5,3.39,0.5,,,Unknown,
2026-03-11 04:54:34,RunPod,L40S,0.4,0.79,0.86,0.79,0.4,,Unknown,
2026-03-11 04:54:34,RunPod,RTX A6000,0.25,0.33,0.49,0.33,0.25,,Unknown,
2026-03-11 04:54:34,Lambda,H200,1.99,1.99,1.99,1.99,,0,Unavailable,
2026-03-11 04:54:34,Lambda,B200,5.74,5.74,5.74,5.74,,0,Unavailable,
2026-03-11 04:54:34,Lambda,B200,5.85,5.85,5.85,5.85,,0,Unavailable,
2026-03-11 04:54:34,Lambda,B200,5.97,5.97,5.97,5.97,,0,Unavailable,
2026-03-11 04:54:34,Lambda,B200,6.08,6.08,6.08,6.08,,0,Unavailable,
2026-03-11 04:54:34,Lambda,H100,3.44,3.44,3.44,3.44,,0,Unavailable,
2026-03-11 04:54:34,Lambda,H100,3.55,3.55,3.55,3.55,,0,Unavailable,
2026-03-11 04:54:34,Lambda,H100,3.67,3.67,3.67,3.67,,0,Unavailable,
2026-03-11 04:54:34,Lambda,H100,3.78,3.78,3.78,3.78,,1,Available,"Central Texas, USA"
2026-03-11 04:54:34,Lambda,H100,2.86,2.86,2.86,2.86,,0,Unavailable,
2026-03-11 04:54:34,Lambda,RTX A6000,0.92,0.92,0.92,0.92,,0,Unavailable,
2026-03-11 04:54:34,Lambda,RTX A6000,0.92,0.92,0.92,0.92,,0,Unavailable,
2026-03-11 04:54:34,Lambda,RTX A6000,0.92,0.92,0.92,0.92,,0,Unavailable,
2026-03-11 06:04:21,Vast.ai,B200,3.002,3.0645,3.127,,3.002,2,Available,US:2
2026-03-11 06:04:21,Vast.ai,H200,1.8169,2.323,2.453,,1.8169,10,Available,US:6; BG:2; CZ:1
2026-03-11 06:04:21,Vast.ai,H100,1.4672,1.8678,2.2689,,1.4672,10,Available,AU:4; US:3; NL:2
2026-03-11 06:04:21,RunPod,B200,4.99,5.98,4.99,5.98,,,Unknown,
2026-03-11 06:04:21,RunPod,B300,6.19,6.19,6.59,6.19,6.19,,Unknown,
2026-03-11 06:04:21,RunPod,H100,1.5,2.69,2.69,2.69,1.5,,Unknown,
2026-03-11 06:04:21,RunPod,H100,1.4,2.59,3.07,2.59,1.4,,Unknown,
2026-03-11 06:04:21,RunPod,H100,1.35,1.99,2.39,1.99,1.35,,Unknown,
2026-03-11 06:04:21,RunPod,H200,3.59,3.59,3.59,3.59,,,Unknown,
2026-03-11 06:04:21,RunPod,H200,0.5,0.5,3.39,0.5,,,Unknown,
2026-03-11 06:04:21,RunPod,L40S,0.4,0.79,0.86,0.79,0.4,,Unknown,
2026-03-11 06:04:21,RunPod,RTX A6000,0.25,0.33,0.49,0.33,0.25,,Unknown,
2026-03-11 06:04:21,Lambda,H200,1.99,1.99,1.99,1.99,,0,Unavailable,
2026-03-11 06:04:21,Lambda,B200,5.74,5.74,5.74,5.74,,0,Unavailable,
2026-03-11 06:04:21,Lambda,B200,5.85,5.85,5.85,5.85,,0,Unavailable,
2026-03-11 06:04:21,Lambda,B200,5.97,5.97,5.97,5.97,,0,Unavailable,
2026-03-11 06:04:21,Lambda,B200,6.08,6.08,6.08,6.08,,0,Unavailable,
2026-03-11 06:04:21,Lambda,H100,3.44,3.44,3.44,3.44,,0,Unavailable,
2026-03-11 06:04:21,Lambda,H100,3.55,3.55,3.55,3.55,,0,Unavailable,
2026-03-11 06:04:21,Lambda,H100,3.67,3.67,3.67,3.67,,0,Unavailable,
2026-03-11 06:04:21,Lambda,H100,3.78,3.78,3.78,3.78,,0,Unavailable,
2026-03-11 06:04:21,Lambda,H100,2.86,2.86,2.86,2.86,,0,Unavailable,
2026-03-11 06:04:21,Lambda,RTX A6000,0.92,0.92,0.92,0.92,,0,Unavailable,
2026-03-11 06:04:21,Lambda,RTX A6000,0.92,0.92,0.92,0.92,,0,Unavailable,
2026-03-11 06:04:21,Lambda,RTX A6000,0.92,0.92,0.92,0.92,,0,Unavailable,
2026-03-11 07:12:39,Vast.ai,B200,3.002,3.126,3.127,,3.002,3,Available,US:3
2026-03-11 07:12:39,Vast.ai,H200,1.8036,2.3231,2.453,,1.8036,9,Available,US:6; CZ:1; SE:1
2026-03-11 07:12:39,Vast.ai,H100,1.4689,1.8072,2.2678,,1.4689,8,Available,US:3; NL:2; FR:1
2026-03-11 07:12:39,RunPod,B200,4.99,5.98,4.99,5.98,,,Unknown,
2026-03-11 07:12:39,RunPod,B300,6.19,6.19,6.59,6.19,6.19,,Unknown,
2026-03-11 07:12:39,RunPod,H100,1.5,2.69,2.69,2.69,1.5,,Unknown,
2026-03-11 07:12:39,RunPod,H100,1.4,2.59,3.07,2.59,1.4,,Unknown,
2026-03-11 07:12:39,RunPod,H100,1.35,1.99,2.39,1.99,1.35,,Unknown,
2026-03-11 07:12:39,RunPod,H200,3.59,3.59,3.59,3.59,,,Unknown,
2026-03-11 07:12:39,RunPod,H200,0.5,0.5,3.39,0.5,,,Unknown,
2026-03-11 07:12:39,RunPod,L40S,0.4,0.79,0.86,0.79,0.4,,Unknown,
2026-03-11 07:12:39,RunPod,RTX A6000,0.25,0.33,0.49,0.33,0.25,,Unknown,
2026-03-11 07:12:39,Lambda,H200,1.99,1.99,1.99,1.99,,0,Unavailable,
2026-03-11 07:12:39,Lambda,B200,5.74,5.74,5.74,5.74,,0,Unavailable,
2026-03-11 07:12:39,Lambda,B200,5.85,5.85,5.85,5.85,,0,Unavailable,
2026-03-11 07:12:39,Lambda,B200,5.97,5.97,5.97,5.97,,0,Unavailable,
2026-03-11 07:12:39,Lambda,B200,6.08,6.08,6.08,6.08,,0,Unavailable,
2026-03-11 07:12:39,Lambda,H100,3.44,3.44,3.44,3.44,,0,Unavailable,
2026-03-11 07:12:39,Lambda,H100,3.55,3.55,3.55,3.55,,0,Unavailable,
2026-03-11 07:12:39,Lambda,H100,3.67,3.67,3.67,3.67,,0,Unavailable,
2026-03-11 07:12:39,Lambda,H100,3.78,3.78,3.78,3.78,,1,Available,"Central Texas, USA"
2026-03-11 07:12:39,Lambda,H100,2.86,2.86,2.86,2.86,,0,Unavailable,
2026-03-11 07:12:39,Lambda,RTX A6000,0.92,0.92,0.92,0.92,,0,Unavailable,
2026-03-11 07:12:39,Lambda,RTX A6000,0.92,0.92,0.92,0.92,,0,Unavailable,
2026-03-11 07:12:39,Lambda,RTX A6000,0.92,0.92,0.92,0.92,,0,Unavailable,
2026-03-11 07:57:00,Vast.ai,B200,3.002,3.126,3.127,,3.002,3,Available,US:3
2026-03-11 07:57:00,Vast.ai,H200,1.7902,2.3237,3.1618,,1.7902,7,Available,US:4; CZ:2; JP:1
2026-03-11 07:57:00,Vast.ai,H100,1.1378,1.7474,2.2678,,1.1378,9,Available,US:4; NL:2; AU:2
2026-03-11 07:57:00,RunPod,B200,4.99,5.98,4.99,5.98,,,Unknown,
2026-03-11 07:57:00,RunPod,B300,6.19,6.19,6.59,6.19,6.19,,Unknown,
2026-03-11 07:57:00,RunPod,H100,1.5,2.69,2.69,2.69,1.5,,Unknown,
2026-03-11 07:57:00,RunPod,H100,1.4,2.59,3.07,2.59,1.4,,Unknown,
2026-03-11 07:57:00,RunPod,H100,1.35,1.99,2.39,1.99,1.35,,Unknown,
2026-03-11 07:57:00,RunPod,H200,3.59,3.59,3.59,3.59,,,Unknown,
2026-03-11 07:57:00,RunPod,H200,0.5,0.5,3.39,0.5,,,Unknown,
2026-03-11 07:57:00,RunPod,L40S,0.4,0.79,0.86,0.79,0.4,,Unknown,
2026-03-11 07:57:00,RunPod,RTX A6000,0.25,0.33,0.49,0.33,0.25,,Unknown,
2026-03-11 07:57:00,Lambda,H200,1.99,1.99,1.99,1.99,,0,Unavailable,
2026-03-11 07:57:00,Lambda,B200,5.74,5.74,5.74,5.74,,0,Unavailable,
2026-03-11 07:57:00,Lambda,B200,5.85,5.85,5.85,5.85,,0,Unavailable,
2026-03-11 07:57:00,Lambda,B200,5.97,5.97,5.97,5.97,,0,Unavailable,
2026-03-11 07:57:00,Lambda,B200,6.08,6.08,6.08,6.08,,0,Unavailable,
2026-03-11 07:57:00,Lambda,H100,3.44,3.44,3.44,3.44,,0,Unavailable,
2026-03-11 07:57:00,Lambda,H100,3.55,3.55,3.55,3.55,,0,Unavailable,
2026-03-11 07:57:00,Lambda,H100,3.67,3.67,3.67,3.67,,1,Available,"North Texas, USA"
2026-03-11 07:57:00,Lambda,H100,3.78,3.78,3.78,3.78,,0,Unavailable,
2026-03-11 07:57:00,Lambda,H100,2.86,2.86,2.86,2.86,,0,Unavailable,
2026-03-11 07:57:00,Lambda,RTX A6000,0.92,0.92,0.92,0.92,,0,Unavailable,
2026-03-11 07:57:00,Lambda,RTX A6000,0.92,0.92,0.92,0.92,,0,Unavailable,
2026-03-11 07:57:00,Lambda,RTX A6000,0.92,0.92,0.92,0.92,,0,Unavailable,
2026-03-11 09:01:39,Vast.ai,H200,2.0687,2.5815,3.2269,,2.0687,8,Available,IS:2; US:2; JP:2
2026-03-11 09:01:39,Vast.ai,H100,1.6006,1.8681,2.2689,,1.6006,9,Available,AU:4; US:3; NL:2
2026-03-11 09:01:39,Vast.ai,B200,3.002,3.2829,3.5639,,3.002,2,Available,US:2
2026-03-11 09:01:39,RunPod,B200,4.99,5.98,4.99,5.98,,,Unknown,
2026-03-11 09:01:39,RunPod,B300,6.19,6.19,6.59,6.19,6.19,,Unknown,
2026-03-11 09:01:39,RunPod,H100,1.5,2.69,2.69,2.69,1.5,,Unknown,
2026-03-11 09:01:39,RunPod,H100,1.4,2.59,3.07,2.59,1.4,,Unknown,
2026-03-11 09:01:39,RunPod,H100,1.35,1.99,2.39,1.99,1.35,,Unknown,
2026-03-11 09:01:39,RunPod,H200,3.59,3.59,3.59,3.59,,,Unknown,
2026-03-11 09:01:39,RunPod,H200,0.5,0.5,3.39,0.5,,,Unknown,
2026-03-11 09:01:39,RunPod,L40S,0.4,0.79,0.86,0.79,0.4,,Unknown,
2026-03-11 09:01:39,RunPod,RTX A6000,0.25,0.33,0.49,0.33,0.25,,Unknown,
2026-03-11 09:01:39,Lambda,H200,1.99,1.99,1.99,1.99,,0,Unavailable,
2026-03-11 09:01:39,Lambda,B200,5.74,5.74,5.74,5.74,,0,Unavailable,
2026-03-11 09:01:39,Lambda,B200,5.85,5.85,5.85,5.85,,0,Unavailable,
2026-03-11 09:01:39,Lambda,B200,5.97,5.97,5.97,5.97,,0,Unavailable,
2026-03-11 09:01:39,Lambda,B200,6.08,6.08,6.08,6.08,,0,Unavailable,
2026-03-11 09:01:39,Lambda,H100,3.44,3.44,3.44,3.44,,0,Unavailable,
2026-03-11 09:01:39,Lambda,H100,3.55,3.55,3.55,3.55,,0,Unavailable,
2026-03-11 09:01:39,Lambda,H100,3.67,3.67,3.67,3.67,,0,Unavailable,
2026-03-11 09:01:39,Lambda,H100,3.78,3.78,3.78,3.78,,0,Unavailable,
2026-03-11 09:01:39,Lambda,H100,2.86,2.86,2.86,2.86,,0,Unavailable,
2026-03-11 09:01:39,Lambda,RTX A6000,0.92,0.92,0.92,0.92,,0,Unavailable,
2026-03-11 09:01:39,Lambda,RTX A6000,0.92,0.92,0.92,0.92,,0,Unavailable,
2026-03-11 09:01:39,Lambda,RTX A6000,0.92,0.92,0.92,0.92,,0,Unavailable,
2026-03-11 10:02:12,Vast.ai,B200,3.002,3.127,3.5639,,3.002,3,Available,US:3
2026-03-11 10:02:12,Vast.ai,H200,2.072,2.3254,2.453,,2.072,6,Available,US:3; CZ:1; SE:1
2026-03-11 10:02:12,Vast.ai,H100,1.6019,1.8678,2.2689,,1.6019,10,Available,AU:4; NL:3; US:2
2026-03-11 10:02:12,RunPod,B200,4.99,5.98,4.99,5.98,,,Unknown,
2026-03-11 10:02:12,RunPod,B300,6.19,6.19,6.59,6.19,6.19,,Unknown,
2026-03-11 10:02:12,RunPod,H100,1.5,2.69,2.69,2.69,1.5,,Unknown,
2026-03-11 10:02:12,RunPod,H100,1.4,2.59,3.07,2.59,1.4,,Unknown,
2026-03-11 10:02:12,RunPod,H100,1.35,1.99,2.39,1.99,1.35,,Unknown,
2026-03-11 10:02:12,RunPod,H200,3.59,3.59,3.59,3.59,,,Unknown,
2026-03-11 10:02:12,RunPod,H200,0.5,0.5,3.39,0.5,,,Unknown,
2026-03-11 10:02:12,RunPod,L40S,0.4,0.79,0.86,0.79,0.4,,Unknown,
2026-03-11 10:02:12,RunPod,RTX A6000,0.25,0.33,0.49,0.33,0.25,,Unknown,
2026-03-11 10:02:12,Lambda,H200,1.99,1.99,1.99,1.99,,0,Unavailable,
2026-03-11 10:02:12,Lambda,B200,5.74,5.74,5.74,5.74,,0,Unavailable,
2026-03-11 10:02:12,Lambda,B200,5.85,5.85,5.85,5.85,,0,Unavailable,
2026-03-11 10:02:12,Lambda,B200,5.97,5.97,5.97,5.97,,0,Unavailable,
2026-03-11 10:02:12,Lambda,B200,6.08,6.08,6.08,6.08,,0,Unavailable,
2026-03-11 10:02:12,Lambda,H100,3.44,3.44,3.44,3.44,,0,Unavailable,
2026-03-11 10:02:12,Lambda,H100,3.55,3.55,3.55,3.55,,0,Unavailable,
2026-03-11 10:02:12,Lambda,H100,3.67,3.67,3.67,3.67,,0,Unavailable,
2026-03-11 10:02:12,Lambda,H100,3.78,3.78,3.78,3.78,,0,Unavailable,
2026-03-11 10:02:12,Lambda,H100,2.86,2.86,2.86,2.86,,0,Unavailable,
2026-03-11 10:02:12,Lambda,RTX A6000,0.92,0.92,0.92,0.92,,0,Unavailable,
2026-03-11 10:02:12,Lambda,RTX A6000,0.92,0.92,0.92,0.92,,0,Unavailable,
2026-03-11 10:02:12,Lambda,RTX A6000,0.92,0.92,0.92,0.92,,0,Unavailable,
2026-03-11 11:02:21,Vast.ai,B200,3.002,3.0641,3.1263,,3.002,2,Available,US:2
2026-03-11 11:02:21,Vast.ai,H100,1.4672,1.8672,2.2672,,1.4672,10,Available,NL:3; US:3; TH:2
2026-03-11 11:02:21,Vast.ai,H200,2.0687,2.3263,2.5385,,2.0687,8,Available,US:3; IN:2; CZ:1
2026-03-11 11:02:21,RunPod,B200,4.99,5.98,4.99,5.98,,,Unknown,
2026-03-11 11:02:21,RunPod,B300,6.19,6.19,6.59,6.19,6.19,,Unknown,
2026-03-11 11:02:21,RunPod,H100,1.5,2.69,2.69,2.69,1.5,,Unknown,
2026-03-11 11:02:21,RunPod,H100,1.4,2.59,3.07,2.59,1.4,,Unknown,
2026-03-11 11:02:21,RunPod,H100,1.35,1.99,2.39,1.99,1.35,,Unknown,
2026-03-11 11:02:21,RunPod,H200,3.59,3.59,3.59,3.59,,,Unknown,
2026-03-11 11:02:21,RunPod,H200,0.5,0.5,3.39,0.5,,,Unknown,
2026-03-11 11:02:21,RunPod,L40S,0.4,0.79,0.86,0.79,0.4,,Unknown,
2026-03-11 11:02:21,RunPod,RTX A6000,0.25,0.33,0.49,0.33,0.25,,Unknown,
2026-03-11 11:02:21,Lambda,H200,1.99,1.99,1.99,1.99,,0,Unavailable,
2026-03-11 11:02:21,Lambda,B200,5.74,5.74,5.74,5.74,,0,Unavailable,
2026-03-11 11:02:21,Lambda,B200,5.85,5.85,5.85,5.85,,0,Unavailable,
2026-03-11 11:02:21,Lambda,B200,5.97,5.97,5.97,5.97,,0,Unavailable,
2026-03-11 11:02:21,Lambda,B200,6.08,6.08,6.08,6.08,,0,Unavailable,
2026-03-11 11:02:21,Lambda,H100,3.44,3.44,3.44,3.44,,0,Unavailable,
2026-03-11 11:02:21,Lambda,H100,3.55,3.55,3.55,3.55,,0,Unavailable,
2026-03-11 11:02:21,Lambda,H100,3.67,3.67,3.67,3.67,,0,Unavailable,
2026-03-11 11:02:21,Lambda,H100,3.78,3.78,3.78,3.78,,0,Unavailable,
2026-03-11 11:02:21,Lambda,H100,2.86,2.86,2.86,2.86,,0,Unavailable,
2026-03-11 11:02:21,Lambda,RTX A6000,0.92,0.92,0.92,0.92,,0,Unavailable,
2026-03-11 11:02:21,Lambda,RTX A6000,0.92,0.92,0.92,0.92,,0,Unavailable,
2026-03-11 11:02:21,Lambda,RTX A6000,0.92,0.92,0.92,0.92,,0,Unavailable,
2026-03-11 11:48:52,Vast.ai,H200,1.9878,2.122,3.228,,1.9878,8,Available,US:2; IN:2; CZ:1
2026-03-11 11:48:52,Vast.ai,H100,1.6006,1.8678,2.2678,,1.6006,8,Available,US:3; NL:2; AU:2
2026-03-11 11:48:52,Vast.ai,B200,3.002,3.002,3.002,,3.002,1,Available,US:1
2026-03-11 11:48:52,RunPod,B200,4.99,5.98,4.99,5.98,,,Unknown,
2026-03-11 11:48:52,RunPod,B300,6.19,6.19,6.59,6.19,6.19,,Unknown,
2026-03-11 11:48:52,RunPod,H100,1.5,2.69,2.69,2.69,1.5,,Unknown,
2026-03-11 11:48:52,RunPod,H100,1.4,2.59,3.07,2.59,1.4,,Unknown,
2026-03-11 11:48:52,RunPod,H100,1.35,1.99,2.39,1.99,1.35,,Unknown,
2026-03-11 11:48:52,RunPod,H200,3.59,3.59,3.59,3.59,,,Unknown,
2026-03-11 11:48:52,RunPod,H200,0.5,0.5,3.39,0.5,,,Unknown,
2026-03-11 11:48:52,RunPod,L40S,0.4,0.79,0.86,0.79,0.4,,Unknown,
2026-03-11 11:48:52,RunPod,RTX A6000,0.25,0.33,0.49,0.33,0.25,,Unknown,
2026-03-11 11:48:52,Lambda,H200,1.99,1.99,1.99,1.99,,0,Unavailable,
2026-03-11 11:48:52,Lambda,B200,5.74,5.74,5.74,5.74,,0,Unavailable,
2026-03-11 11:48:52,Lambda,B200,5.85,5.85,5.85,5.85,,0,Unavailable,
2026-03-11 11:48:52,Lambda,B200,5.97,5.97,5.97,5.97,,0,Unavailable,
2026-03-11 11:48:52,Lambda,B200,6.08,6.08,6.08,6.08,,0,Unavailable,
2026-03-11 11:48:52,Lambda,H100,3.44,3.44,3.44,3.44,,0,Unavailable,
2026-03-11 11:48:52,Lambda,H100,3.55,3.55,3.55,3.55,,0,Unavailable,
2026-03-11 11:48:52,Lambda,H100,3.67,3.67,3.67,3.67,,0,Unavailable,
2026-03-11 11:48:52,Lambda,H100,3.78,3.78,3.78,3.78,,1,Available,"North Texas, USA"
2026-03-11 11:48:52,Lambda,H100,2.86,2.86,2.86,2.86,,0,Unavailable,
2026-03-11 11:48:52,Lambda,RTX A6000,0.92,0.92,0.92,0.92,,0,Unavailable,
2026-03-11 11:48:52,Lambda,RTX A6000,0.92,0.92,0.92,0.92,,0,Unavailable,
2026-03-11 11:48:52,Lambda,RTX A6000,0.92,0.92,0.92,0.92,,0,Unavailable,
2026-03-11 13:39:43,Vast.ai,B200,3.002,3.0645,3.127,,3.002,2,Available,US:2
2026-03-11 13:39:43,Vast.ai,H100,1.5116,1.8678,2.2689,,1.5116,8,Available,US:3; AU:3; NL:2
2026-03-11 13:39:43,Vast.ai,H200,1.7369,2.2953,3.2263,,1.7369,8,Available,CZ:2; US:2; JP:2
2026-03-11 13:39:43,RunPod,B200,4.99,5.98,4.99,5.98,,,Unknown,
2026-03-11 13:39:43,RunPod,B300,6.19,6.19,6.59,6.19,6.19,,Unknown,
2026-03-11 13:39:43,RunPod,H100,1.5,2.69,2.69,2.69,1.5,,Unknown,
2026-03-11 13:39:43,RunPod,H100,1.4,2.59,3.07,2.59,1.4,,Unknown,
2026-03-11 13:39:43,RunPod,H100,1.35,1.99,2.39,1.99,1.35,,Unknown,
2026-03-11 13:39:43,RunPod,H200,3.59,3.59,3.59,3.59,,,Unknown,
2026-03-11 13:39:43,RunPod,H200,0.5,0.5,3.39,0.5,,,Unknown,
2026-03-11 13:39:43,RunPod,L40S,0.4,0.79,0.86,0.79,0.4,,Unknown,
2026-03-11 13:39:43,RunPod,RTX A6000,0.25,0.33,0.49,0.33,0.25,,Unknown,
2026-03-11 13:39:43,Lambda,H200,1.99,1.99,1.99,1.99,,0,Unavailable,
2026-03-11 13:39:43,Lambda,B200,5.74,5.74,5.74,5.74,,0,Unavailable,
2026-03-11 13:39:43,Lambda,B200,5.85,5.85,5.85,5.85,,0,Unavailable,
2026-03-11 13:39:43,Lambda,B200,5.97,5.97,5.97,5.97,,0,Unavailable,
2026-03-11 13:39:43,Lambda,B200,6.08,6.08,6.08,6.08,,0,Unavailable,
2026-03-11 13:39:43,Lambda,H100,3.44,3.44,3.44,3.44,,0,Unavailable,
2026-03-11 13:39:43,Lambda,H100,3.55,3.55,3.55,3.55,,0,Unavailable,
2026-03-11 13:39:43,Lambda,H100,3.67,3.67,3.67,3.67,,0,Unavailable,
2026-03-11 13:39:43,Lambda,H100,3.78,3.78,3.78,3.78,,0,Unavailable,
2026-03-11 13:39:43,Lambda,H100,2.86,2.86,2.86,2.86,,0,Unavailable,
2026-03-11 13:39:43,Lambda,RTX A6000,0.92,0.92,0.92,0.92,,0,Unavailable,
2026-03-11 13:39:43,Lambda,RTX A6000,0.92,0.92,0.92,0.92,,0,Unavailable,
2026-03-11 13:39:43,Lambda,RTX A6000,0.92,0.92,0.92,0.92,,0,Unavailable,
2026-03-11 15:07:27,Vast.ai,B200,3.002,3.0645,3.127,,3.002,2,Available,US:2
2026-03-11 15:07:27,Vast.ai,H200,1.7091,2.3237,3.1618,,1.7091,9,Available,US:4; CZ:1; SE:1
2026-03-11 15:07:27,Vast.ai,H100,1.6019,1.8674,2.2689,,1.6019,7,Available,AU:3; US:2; BG:1
2026-03-11 15:07:27,RunPod,B200,4.99,5.98,4.99,5.98,,,Unknown,
2026-03-11 15:07:27,RunPod,B300,6.19,6.19,6.59,6.19,6.19,,Unknown,
2026-03-11 15:07:27,RunPod,H100,1.5,2.69,2.69,2.69,1.5,,Unknown,
2026-03-11 15:07:27,RunPod,H100,1.4,2.59,3.07,2.59,1.4,,Unknown,
2026-03-11 15:07:27,RunPod,H100,1.35,1.99,2.39,1.99,1.35,,Unknown,
2026-03-11 15:07:27,RunPod,H200,3.59,3.59,3.59,3.59,,,Unknown,
2026-03-11 15:07:27,RunPod,H200,0.5,0.5,3.39,0.5,,,Unknown,
2026-03-11 15:07:27,RunPod,L40S,0.4,0.79,0.86,0.79,0.4,,Unknown,
2026-03-11 15:07:27,RunPod,RTX A6000,0.25,0.33,0.49,0.33,0.25,,Unknown,
2026-03-11 15:07:27,Lambda,H200,1.99,1.99,1.99,1.99,,0,Unavailable,
2026-03-11 15:07:27,Lambda,B200,5.74,5.74,5.74,5.74,,0,Unavailable,
2026-03-11 15:07:27,Lambda,B200,5.85,5.85,5.85,5.85,,0,Unavailable,
2026-03-11 15:07:27,Lambda,B200,5.97,5.97,5.97,5.97,,0,Unavailable,
2026-03-11 15:07:27,Lambda,B200,6.08,6.08,6.08,6.08,,0,Unavailable,
2026-03-11 15:07:27,Lambda,H100,3.44,3.44,3.44,3.44,,0,Unavailable,
2026-03-11 15:07:27,Lambda,H100,3.55,3.55,3.55,3.55,,0,Unavailable,
2026-03-11 15:07:27,Lambda,H100,3.67,3.67,3.67,3.67,,0,Unavailable,
2026-03-11 15:07:27,Lambda,H100,3.78,3.78,3.78,3.78,,0,Unavailable,
2026-03-11 15:07:27,Lambda,H100,2.86,2.86,2.86,2.86,,0,Unavailable,
2026-03-11 15:07:27,Lambda,RTX A6000,0.92,0.92,0.92,0.92,,0,Unavailable,
2026-03-11 15:07:27,Lambda,RTX A6000,0.92,0.92,0.92,0.92,,0,Unavailable,
2026-03-11 15:07:27,Lambda,RTX A6000,0.92,0.92,0.92,0.92,,0,Unavailable,
2026-03-11 16:04:37,Vast.ai,B200,3.002,3.1257,3.1263,,3.002,3,Available,US:3
2026-03-11 16:04:37,Vast.ai,H100,1.4689,1.8074,2.2689,,1.4689,8,Available,US:3; AU:3; FR:1
2026-03-11 16:04:37,Vast.ai,H200,1.6969,2.3925,3.2263,,1.6969,8,Available,SE:2; US:2; CZ:1
2026-03-11 16:04:37,RunPod,B200,4.99,5.98,4.99,5.98,,,Unknown,
2026-03-11 16:04:37,RunPod,B300,6.19,6.19,6.59,6.19,6.19,,Unknown,
2026-03-11 16:04:37,RunPod,H100,1.5,2.69,2.69,2.69,1.5,,Unknown,
2026-03-11 16:04:37,RunPod,H100,1.4,2.59,3.07,2.59,1.4,,Unknown,
2026-03-11 16:04:37,RunPod,H100,1.35,1.99,2.39,1.99,1.35,,Unknown,
2026-03-11 16:04:37,RunPod,H200,3.59,3.59,3.59,3.59,,,Unknown,
2026-03-11 16:04:37,RunPod,H200,0.5,0.5,3.39,0.5,,,Unknown,
2026-03-11 16:04:37,RunPod,L40S,0.4,0.79,0.86,0.79,0.4,,Unknown,
2026-03-11 16:04:37,RunPod,RTX A6000,0.25,0.33,0.49,0.33,0.25,,Unknown,
2026-03-11 16:04:37,Lambda,H200,1.99,1.99,1.99,1.99,,0,Unavailable,
2026-03-11 16:04:37,Lambda,B200,5.74,5.74,5.74,5.74,,0,Unavailable,
2026-03-11 16:04:37,Lambda,B200,5.85,5.85,5.85,5.85,,0,Unavailable,
2026-03-11 16:04:37,Lambda,B200,5.97,5.97,5.97,5.97,,0,Unavailable,
2026-03-11 16:04:37,Lambda,B200,6.08,6.08,6.08,6.08,,0,Unavailable,
2026-03-11 16:04:37,Lambda,H100,3.44,3.44,3.44,3.44,,0,Unavailable,
2026-03-11 16:04:37,Lambda,H100,3.55,3.55,3.55,3.55,,0,Unavailable,
2026-03-11 16:04:37,Lambda,H100,3.67,3.67,3.67,3.67,,0,Unavailable,
2026-03-11 16:04:37,Lambda,H100,3.78,3.78,3.78,3.78,,0,Unavailable,
2026-03-11 16:04:37,Lambda,H100,2.86,2.86,2.86,2.86,,0,Unavailable,
2026-03-11 16:04:37,Lambda,RTX A6000,0.92,0.92,0.92,0.92,,0,Unavailable,
2026-03-11 16:04:37,Lambda,RTX A6000,0.92,0.92,0.92,0.92,,0,Unavailable,
2026-03-11 16:04:37,Lambda,RTX A6000,0.92,0.92,0.92,0.92,,0,Unavailable,
2026-03-11 17:12:09,Vast.ai,B200,3.1257,3.1263,3.127,,3.1257,2,Available,US:2
2026-03-11 17:12:09,Vast.ai,H200,1.9892,2.3897,3.1618,,1.9892,6,Available,IS:1; US:1; FR:1
2026-03-11 17:12:09,Vast.ai,H100,1.6019,1.8674,2.2689,,1.6019,7,Available,US:2; NL:2; AU:2
2026-03-11 17:12:09,RunPod,B200,4.99,5.98,4.99,5.98,,,Unknown,
2026-03-11 17:12:09,RunPod,B300,6.19,6.19,6.59,6.19,6.19,,Unknown,
2026-03-11 17:12:09,RunPod,H100,1.5,2.69,2.69,2.69,1.5,,Unknown,
2026-03-11 17:12:09,RunPod,H100,1.4,2.59,3.07,2.59,1.4,,Unknown,
2026-03-11 17:12:09,RunPod,H100,1.35,1.99,2.39,1.99,1.35,,Unknown,
2026-03-11 17:12:09,RunPod,H200,3.59,3.59,3.59,3.59,,,Unknown,
2026-03-11 17:12:09,RunPod,H200,0.5,0.5,3.39,0.5,,,Unknown,
2026-03-11 17:12:09,RunPod,L40S,0.4,0.79,0.86,0.79,0.4,,Unknown,
2026-03-11 17:12:09,RunPod,RTX A6000,0.25,0.33,0.49,0.33,0.25,,Unknown,
2026-03-11 17:12:09,Lambda,B200,5.74,5.74,5.74,5.74,,0,Unavailable,
2026-03-11 17:12:09,Lambda,B200,5.85,5.85,5.85,5.85,,0,Unavailable,
2026-03-11 17:12:09,Lambda,B200,5.97,5.97,5.97,5.97,,0,Unavailable,
2026-03-11 17:12:09,Lambda,B200,6.08,6.08,6.08,6.08,,0,Unavailable,
2026-03-11 17:12:09,Lambda,H100,3.44,3.44,3.44,3.44,,0,Unavailable,
2026-03-11 17:12:09,Lambda,H100,3.55,3.55,3.55,3.55,,0,Unavailable,
2026-03-11 17:12:09,Lambda,H100,3.67,3.67,3.67,3.67,,0,Unavailable,
2026-03-11 17:12:09,Lambda,H100,3.78,3.78,3.78,3.78,,0,Unavailable,
2026-03-11 17:12:09,Lambda,H100,2.86,2.86,2.86,2.86,,0,Unavailable,
2026-03-11 17:12:09,Lambda,RTX A6000,0.92,0.92,0.92,0.92,,0,Unavailable,
2026-03-11 17:12:09,Lambda,RTX A6000,0.92,0.92,0.92,0.92,,0,Unavailable,
2026-03-11 17:12:09,Lambda,RTX A6000,0.92,0.92,0.92,0.92,,0,Unavailable,
2026-03-11 18:06:03,Vast.ai,B200,3.002,3.0645,3.127,,3.002,2,Available,US:2
2026-03-11 18:06:03,Vast.ai,H200,2.072,2.3306,2.8409,,2.072,8,Available,US:4; CZ:1; IS:1
2026-03-11 18:06:03,Vast.ai,H100,1.5544,1.8678,2.2689,,1.5544,10,Available,AU:4; US:2; NL:2
2026-03-11 18:06:03,RunPod,B200,4.99,5.98,4.99,5.98,,,Unknown,
2026-03-11 18:06:03,RunPod,B300,6.19,6.19,6.59,6.19,6.19,,Unknown,
2026-03-11 18:06:03,RunPod,H100,1.5,2.69,2.69,2.69,1.5,,Unknown,
2026-03-11 18:06:03,RunPod,H100,1.4,2.59,3.07,2.59,1.4,,Unknown,
2026-03-11 18:06:03,RunPod,H100,1.35,1.99,2.39,1.99,1.35,,Unknown,
2026-03-11 18:06:03,RunPod,H200,3.59,3.59,3.59,3.59,,,Unknown,
2026-03-11 18:06:03,RunPod,H200,0.5,0.5,3.39,0.5,,,Unknown,
2026-03-11 18:06:03,RunPod,L40S,0.4,0.79,0.86,0.79,0.4,,Unknown,
2026-03-11 18:06:03,RunPod,RTX A6000,0.25,0.33,0.49,0.33,0.25,,Unknown,
2026-03-11 18:06:03,Lambda,H200,1.99,1.99,1.99,1.99,,0,Unavailable,
2026-03-11 18:06:03,Lambda,B200,5.74,5.74,5.74,5.74,,0,Unavailable,
2026-03-11 18:06:03,Lambda,B200,5.85,5.85,5.85,5.85,,0,Unavailable,
2026-03-11 18:06:03,Lambda,B200,5.97,5.97,5.97,5.97,,0,Unavailable,
2026-03-11 18:06:03,Lambda,B200,6.08,6.08,6.08,6.08,,0,Unavailable,
2026-03-11 18:06:03,Lambda,H100,3.44,3.44,3.44,3.44,,0,Unavailable,
2026-03-11 18:06:03,Lambda,H100,3.55,3.55,3.55,3.55,,0,Unavailable,
2026-03-11 18:06:03,Lambda,H100,3.67,3.67,3.67,3.67,,0,Unavailable,
2026-03-11 18:06:03,Lambda,H100,3.78,3.78,3.78,3.78,,0,Unavailable,
2026-03-11 18:06:03,Lambda,H100,2.86,2.86,2.86,2.86,,0,Unavailable,
2026-03-11 18:06:03,Lambda,RTX A6000,0.92,0.92,0.92,0.92,,0,Unavailable,
2026-03-11 18:06:03,Lambda,RTX A6000,0.92,0.92,0.92,0.92,,0,Unavailable,
2026-03-11 18:06:03,Lambda,RTX A6000,0.92,0.92,0.92,0.92,,0,Unavailable,
2026-03-11 19:11:39,Vast.ai,B200,3.002,3.0645,3.127,,3.002,2,Available,US:2
2026-03-11 19:11:39,Vast.ai,H200,2.072,2.3925,3.2269,,2.072,6,Available,US:2; JP:2; SE:1
2026-03-11 19:11:39,Vast.ai,H100,1.6678,1.8674,2.2689,,1.6678,9,Available,US:3; NL:3; AU:3
2026-03-11 19:11:39,RunPod,B200,4.99,5.98,4.99,5.98,,,Unknown,
2026-03-11 19:11:39,RunPod,B300,6.19,6.19,6.59,6.19,6.19,,Unknown,
2026-03-11 19:11:39,RunPod,H100,1.5,2.69,2.69,2.69,1.5,,Unknown,
2026-03-11 19:11:39,RunPod,H100,1.4,2.59,3.07,2.59,1.4,,Unknown,
2026-03-11 19:11:39,RunPod,H100,1.35,1.99,2.39,1.99,1.35,,Unknown,
2026-03-11 19:11:39,RunPod,H200,3.59,3.59,3.59,3.59,,,Unknown,
2026-03-11 19:11:39,RunPod,H200,0.5,0.5,3.39,0.5,,,Unknown,
2026-03-11 19:11:39,RunPod,L40S,0.4,0.79,0.86,0.79,0.4,,Unknown,
2026-03-11 19:11:39,RunPod,RTX A6000,0.25,0.33,0.49,0.33,0.25,,Unknown,
2026-03-11 19:11:39,Lambda,H200,1.99,1.99,1.99,1.99,,0,Unavailable,
2026-03-11 19:11:39,Lambda,B200,5.74,5.74,5.74,5.74,,0,Unavailable,
2026-03-11 19:11:39,Lambda,B200,5.85,5.85,5.85,5.85,,0,Unavailable,
2026-03-11 19:11:39,Lambda,B200,5.97,5.97,5.97,5.97,,0,Unavailable,
2026-03-11 19:11:39,Lambda,B200,6.08,6.08,6.08,6.08,,0,Unavailable,
2026-03-11 19:11:39,Lambda,H100,3.44,3.44,3.44,3.44,,0,Unavailable,
2026-03-11 19:11:39,Lambda,H100,3.55,3.55,3.55,3.55,,0,Unavailable,
2026-03-11 19:11:39,Lambda,H100,3.67,3.67,3.67,3.67,,0,Unavailable,
2026-03-11 19:11:39,Lambda,H100,3.78,3.78,3.78,3.78,,0,Unavailable,
2026-03-11 19:11:39,Lambda,H100,2.86,2.86,2.86,2.86,,0,Unavailable,
2026-03-11 19:11:39,Lambda,RTX A6000,0.92,0.92,0.92,0.92,,0,Unavailable,
2026-03-11 19:11:39,Lambda,RTX A6000,0.92,0.92,0.92,0.92,,0,Unavailable,
2026-03-11 19:11:39,Lambda,RTX A6000,0.92,0.92,0.92,0.92,,0,Unavailable,
2026-03-11 19:53:27,Vast.ai,B200,3.127,3.127,3.127,,3.127,1,Available,US:1
2026-03-11 19:53:27,Vast.ai,H200,1.9878,2.3282,3.2269,,1.9878,4,Available,US:2; FR:1; JP:1
2026-03-11 19:53:27,Vast.ai,H100,1.6678,1.8678,2.2689,,1.6678,10,Available,AU:4; US:3; NL:3
2026-03-11 19:53:27,RunPod,B200,4.99,5.98,4.99,5.98,,,Unknown,
2026-03-11 19:53:27,RunPod,B300,6.19,6.19,6.59,6.19,6.19,,Unknown,
2026-03-11 19:53:27,RunPod,H100,1.5,2.69,2.69,2.69,1.5,,Unknown,
2026-03-11 19:53:27,RunPod,H100,1.4,2.59,3.07,2.59,1.4,,Unknown,
2026-03-11 19:53:27,RunPod,H100,1.35,1.99,2.39,1.99,1.35,,Unknown,
2026-03-11 19:53:27,RunPod,H200,3.59,3.59,3.59,3.59,,,Unknown,
2026-03-11 19:53:27,RunPod,H200,0.5,0.5,3.39,0.5,,,Unknown,
2026-03-11 19:53:27,RunPod,L40S,0.4,0.79,0.86,0.79,0.4,,Unknown,
2026-03-11 19:53:27,RunPod,RTX A6000,0.25,0.33,0.49,0.33,0.25,,Unknown,
2026-03-11 19:53:27,Lambda,H200,1.99,1.99,1.99,1.99,,0,Unavailable,
2026-03-11 19:53:27,Lambda,B200,5.74,5.74,5.74,5.74,,0,Unavailable,
2026-03-11 19:53:27,Lambda,B200,5.85,5.85,5.85,5.85,,0,Unavailable,
2026-03-11 19:53:27,Lambda,B200,5.97,5.97,5.97,5.97,,0,Unavailable,
2026-03-11 19:53:27,Lambda,B200,6.08,6.08,6.08,6.08,,0,Unavailable,
2026-03-11 19:53:27,Lambda,H100,3.44,3.44,3.44,3.44,,0,Unavailable,
2026-03-11 19:53:27,Lambda,H100,3.55,3.55,3.55,3.55,,0,Unavailable,
2026-03-11 19:53:27,Lambda,H100,3.67,3.67,3.67,3.67,,0,Unavailable,
2026-03-11 19:53:27,Lambda,H100,3.78,3.78,3.78,3.78,,0,Unavailable,
2026-03-11 19:53:27,Lambda,H100,2.86,2.86,2.86,2.86,,0,Unavailable,
2026-03-11 19:53:27,Lambda,RTX A6000,0.92,0.92,0.92,0.92,,0,Unavailable,
2026-03-11 19:53:27,Lambda,RTX A6000,0.92,0.92,0.92,0.92,,0,Unavailable,
2026-03-11 19:53:27,Lambda,RTX A6000,0.92,0.92,0.92,0.92,,0,Unavailable,
2026-03-11 20:50:46,Vast.ai,B200,3.127,3.127,3.127,,3.127,1,Available,US:1
2026-03-11 20:50:46,Vast.ai,H200,2.3228,2.582,3.228,,2.3228,4,Available,US:2; IS:1; JP:1
2026-03-11 20:50:46,Vast.ai,H100,1.6006,1.8077,2.2689,,1.6006,10,Available,US:5; AU:4; NL:1
2026-03-11 20:50:46,RunPod,B200,4.99,5.98,4.99,5.98,,,Unknown,
2026-03-11 20:50:46,RunPod,B300,6.19,6.19,6.59,6.19,6.19,,Unknown,
2026-03-11 20:50:46,RunPod,H100,1.5,2.69,2.69,2.69,1.5,,Unknown,
2026-03-11 20:50:46,RunPod,H100,1.4,2.59,3.07,2.59,1.4,,Unknown,
2026-03-11 20:50:46,RunPod,H100,1.35,1.99,2.39,1.99,1.35,,Unknown,
2026-03-11 20:50:46,RunPod,H200,3.59,3.59,3.59,3.59,,,Unknown,
2026-03-11 20:50:46,RunPod,H200,0.5,0.5,3.39,0.5,,,Unknown,
2026-03-11 20:50:46,RunPod,L40S,0.4,0.79,0.86,0.79,0.4,,Unknown,
2026-03-11 20:50:46,RunPod,RTX A6000,0.25,0.33,0.49,0.33,0.25,,Unknown,
2026-03-11 20:50:46,Lambda,H200,1.99,1.99,1.99,1.99,,0,Unavailable,
2026-03-11 20:50:46,Lambda,B200,5.74,5.74,5.74,5.74,,0,Unavailable,
2026-03-11 20:50:46,Lambda,B200,5.85,5.85,5.85,5.85,,0,Unavailable,
2026-03-11 20:50:46,Lambda,B200,5.97,5.97,5.97,5.97,,0,Unavailable,
2026-03-11 20:50:46,Lambda,B200,6.08,6.08,6.08,6.08,,0,Unavailable,
2026-03-11 20:50:46,Lambda,H100,3.44,3.44,3.44,3.44,,0,Unavailable,
2026-03-11 20:50:46,Lambda,H100,3.55,3.55,3.55,3.55,,0,Unavailable,
2026-03-11 20:50:46,Lambda,H100,3.67,3.67,3.67,3.67,,0,Unavailable,
2026-03-11 20:50:46,Lambda,H100,3.78,3.78,3.78,3.78,,0,Unavailable,
2026-03-11 20:50:46,Lambda,H100,2.86,2.86,2.86,2.86,,0,Unavailable,
2026-03-11 20:50:46,Lambda,RTX A6000,0.92,0.92,0.92,0.92,,0,Unavailable,
2026-03-11 20:50:46,Lambda,RTX A6000,0.92,0.92,0.92,0.92,,0,Unavailable,
2026-03-11 20:50:46,Lambda,RTX A6000,0.92,0.92,0.92,0.92,,0,Unavailable,
2026-03-11 21:49:01,Vast.ai,B200,3.1257,3.126,3.1263,,3.1257,2,Available,US:2
2026-03-11 21:49:01,Vast.ai,H200,2.0672,2.4518,2.5385,,2.0672,7,Available,US:3; CZ:2; SE:1
2026-03-11 21:49:01,Vast.ai,H100,1.6006,1.8681,2.2689,,1.6006,9,Available,US:4; AU:4; NL:1
2026-03-11 21:49:01,RunPod,B200,4.99,5.98,4.99,5.98,,,Unknown,
2026-03-11 21:49:01,RunPod,B300,6.19,6.19,6.59,6.19,6.19,,Unknown,
2026-03-11 21:49:01,RunPod,H100,1.5,2.69,2.69,2.69,1.5,,Unknown,
2026-03-11 21:49:01,RunPod,H100,1.4,2.59,3.07,2.59,1.4,,Unknown,
2026-03-11 21:49:01,RunPod,H100,1.35,1.99,2.39,1.99,1.35,,Unknown,
2026-03-11 21:49:01,RunPod,H200,3.59,3.59,3.59,3.59,,,Unknown,
2026-03-11 21:49:01,RunPod,H200,0.5,0.5,3.39,0.5,,,Unknown,
2026-03-11 21:49:01,RunPod,L40S,0.4,0.79,0.86,0.79,0.4,,Unknown,
2026-03-11 21:49:01,RunPod,RTX A6000,0.25,0.33,0.49,0.33,0.25,,Unknown,
2026-03-11 21:49:01,Lambda,H200,1.99,1.99,1.99,1.99,,0,Unavailable,
2026-03-11 21:49:01,Lambda,B200,5.74,5.74,5.74,5.74,,0,Unavailable,
2026-03-11 21:49:01,Lambda,B200,5.85,5.85,5.85,5.85,,0,Unavailable,
2026-03-11 21:49:01,Lambda,B200,5.97,5.97,5.97,5.97,,0,Unavailable,
2026-03-11 21:49:01,Lambda,B200,6.08,6.08,6.08,6.08,,0,Unavailable,
2026-03-11 21:49:01,Lambda,H100,3.44,3.44,3.44,3.44,,0,Unavailable,
2026-03-11 21:49:01,Lambda,H100,3.55,3.55,3.55,3.55,,0,Unavailable,
2026-03-11 21:49:01,Lambda,H100,3.67,3.67,3.67,3.67,,0,Unavailable,
2026-03-11 21:49:01,Lambda,H100,3.78,3.78,3.78,3.78,,0,Unavailable,
2026-03-11 21:49:01,Lambda,H100,2.86,2.86,2.86,2.86,,0,Unavailable,
2026-03-11 21:49:01,Lambda,RTX A6000,0.92,0.92,0.92,0.92,,0,Unavailable,
2026-03-11 21:49:01,Lambda,RTX A6000,0.92,0.92,0.92,0.92,,0,Unavailable,
2026-03-11 21:49:01,Lambda,RTX A6000,0.92,0.92,0.92,0.92,,0,Unavailable,
2026-03-11 22:43:50,Vast.ai,B200,3.127,3.2829,3.4389,,3.127,2,Available,US:2
2026-03-11 22:43:50,Vast.ai,H200,2.3333,2.6458,2.8409,,2.3333,4,Available,IS:2; SE:1; US:1
2026-03-11 22:43:50,Vast.ai,H100,1.6006,1.7474,2.2689,,1.6006,9,Available,AU:4; US:3; CZ:2
2026-03-11 22:43:50,RunPod,B200,4.99,5.98,4.99,5.98,,,Unknown,
2026-03-11 22:43:50,RunPod,B300,6.19,6.19,6.59,6.19,6.19,,Unknown,
2026-03-11 22:43:50,RunPod,H100,1.5,2.69,2.69,2.69,1.5,,Unknown,
2026-03-11 22:43:50,RunPod,H100,1.4,2.59,3.07,2.59,1.4,,Unknown,
2026-03-11 22:43:50,RunPod,H100,1.35,1.99,2.39,1.99,1.35,,Unknown,
2026-03-11 22:43:50,RunPod,H200,3.59,3.59,3.59,3.59,,,Unknown,
2026-03-11 22:43:50,RunPod,H200,0.5,0.5,3.39,0.5,,,Unknown,
2026-03-11 22:43:50,RunPod,L40S,0.4,0.79,0.86,0.79,0.4,,Unknown,
2026-03-11 22:43:50,RunPod,RTX A6000,0.25,0.33,0.49,0.33,0.25,,Unknown,
2026-03-11 22:43:50,Lambda,H200,1.99,1.99,1.99,1.99,,0,Unavailable,
2026-03-11 22:43:50,Lambda,B200,5.74,5.74,5.74,5.74,,0,Unavailable,
2026-03-11 22:43:50,Lambda,B200,5.85,5.85,5.85,5.85,,0,Unavailable,
2026-03-11 22:43:50,Lambda,B200,5.97,5.97,5.97,5.97,,0,Unavailable,
2026-03-11 22:43:50,Lambda,B200,6.08,6.08,6.08,6.08,,0,Unavailable,
2026-03-11 22:43:50,Lambda,H100,3.44,3.44,3.44,3.44,,0,Unavailable,
2026-03-11 22:43:50,Lambda,H100,3.55,3.55,3.55,3.55,,0,Unavailable,
2026-03-11 22:43:50,Lambda,H100,3.67,3.67,3.67,3.67,,0,Unavailable,
2026-03-11 22:43:50,Lambda,H100,3.78,3.78,3.78,3.78,,0,Unavailable,
2026-03-11 22:43:50,Lambda,H100,2.86,2.86,2.86,2.86,,0,Unavailable,
2026-03-11 22:43:50,Lambda,RTX A6000,0.92,0.92,0.92,0.92,,0,Unavailable,
2026-03-11 22:43:50,Lambda,RTX A6000,0.92,0.92,0.92,0.92,,0,Unavailable,
2026-03-11 22:43:50,Lambda,RTX A6000,0.92,0.92,0.92,0.92,,0,Unavailable,
2026-03-11 23:43:34,Vast.ai,B200,3.1263,3.1263,3.1263,,3.1263,1,Available,US:1
2026-03-11 23:43:34,Vast.ai,H200,2.3333,2.452,3.097,,2.3333,5,Available,SE:2; IS:1; US:1
2026-03-11 23:43:34,Vast.ai,H100,1.6678,1.8681,2.2689,,1.6678,9,Available,AU:4; US:3; NL:2
2026-03-11 23:43:34,RunPod,B200,4.99,5.98,4.99,5.98,,,Unknown,
2026-03-11 23:43:34,RunPod,B300,6.19,6.19,6.59,6.19,6.19,,Unknown,
2026-03-11 23:43:34,RunPod,H100,1.5,2.69,2.69,2.69,1.5,,Unknown,
2026-03-11 23:43:34,RunPod,H100,1.4,2.59,3.07,2.59,1.4,,Unknown,
2026-03-11 23:43:34,RunPod,H100,1.35,1.99,2.39,1.99,1.35,,Unknown,
2026-03-11 23:43:34,RunPod,H200,3.59,3.59,3.59,3.59,,,Unknown,
2026-03-11 23:43:34,RunPod,H200,0.5,0.5,3.39,0.5,,,Unknown,
2026-03-11 23:43:34,RunPod,L40S,0.4,0.79,0.86,0.79,0.4,,Unknown,
2026-03-11 23:43:34,RunPod,RTX A6000,0.25,0.33,0.49,0.33,0.25,,Unknown,
2026-03-11 23:43:34,Lambda,H200,1.99,1.99,1.99,1.99,,0,Unavailable,
2026-03-11 23:43:34,Lambda,B200,5.74,5.74,5.74,5.74,,0,Unavailable,
2026-03-11 23:43:34,Lambda,B200,5.85,5.85,5.85,5.85,,0,Unavailable,
2026-03-11 23:43:34,Lambda,B200,5.97,5.97,5.97,5.97,,0,Unavailable,
2026-03-11 23:43:34,Lambda,B200,6.08,6.08,6.08,6.08,,0,Unavailable,
2026-03-11 23:43:34,Lambda,H100,3.44,3.44,3.44,3.44,,0,Unavailable,
2026-03-11 23:43:34,Lambda,H100,3.55,3.55,3.55,3.55,,0,Unavailable,
2026-03-11 23:43:34,Lambda,H100,3.67,3.67,3.67,3.67,,0,Unavailable,
2026-03-11 23:43:34,Lambda,H100,3.78,3.78,3.78,3.78,,0,Unavailable,
2026-03-11 23:43:34,Lambda,H100,2.86,2.86,2.86,2.86,,0,Unavailable,
2026-03-12 03:13:02,Vast.ai,B200,3.1257,3.126,3.1263,,3.1257,2,Available,US:2
2026-03-12 03:13:02,Vast.ai,H200,2.3228,2.3251,2.8409,,2.3228,5,Available,US:4; IS:1
2026-03-12 03:13:02,Vast.ai,H100,1.6678,1.8678,2.2689,,1.6678,10,Available,AU:4; US:3; NL:3
2026-03-12 03:13:02,RunPod,B200,4.99,5.98,4.99,5.98,,,Unknown,
2026-03-12 03:13:02,RunPod,B300,6.19,6.19,6.59,6.19,6.19,,Unknown,
2026-03-12 03:13:02,RunPod,H100,1.5,2.69,2.69,2.69,1.5,,Unknown,
2026-03-12 03:13:02,RunPod,H100,1.4,2.59,3.07,2.59,1.4,,Unknown,
2026-03-12 03:13:02,RunPod,H100,1.35,1.99,2.39,1.99,1.35,,Unknown,
2026-03-12 03:13:02,RunPod,H200,3.59,3.59,3.59,3.59,,,Unknown,
2026-03-12 03:13:02,RunPod,H200,0.5,0.5,3.39,0.5,,,Unknown,
2026-03-12 03:13:02,RunPod,L40S,0.4,0.79,0.86,0.79,0.4,,Unknown,
2026-03-12 03:13:02,RunPod,RTX A6000,0.25,0.33,0.49,0.33,0.25,,Unknown,
2026-03-12 03:13:02,Lambda,H200,1.99,1.99,1.99,1.99,,0,Unavailable,
2026-03-12 03:13:02,Lambda,B200,5.74,5.74,5.74,5.74,,0,Unavailable,
2026-03-12 03:13:02,Lambda,B200,5.85,5.85,5.85,5.85,,0,Unavailable,
2026-03-12 03:13:02,Lambda,B200,5.97,5.97,5.97,5.97,,0,Unavailable,
2026-03-12 03:13:02,Lambda,B200,6.08,6.08,6.08,6.08,,0,Unavailable,
2026-03-12 03:13:02,Lambda,H100,3.44,3.44,3.44,3.44,,0,Unavailable,
2026-03-12 03:13:02,Lambda,H100,3.55,3.55,3.55,3.55,,0,Unavailable,
2026-03-12 03:13:02,Lambda,H100,3.67,3.67,3.67,3.67,,0,Unavailable,
2026-03-12 03:13:02,Lambda,H100,3.78,3.78,3.78,3.78,,0,Unavailable,
2026-03-12 03:13:02,Lambda,H100,2.86,2.86,2.86,2.86,,0,Unavailable,
2026-03-12 03:40:55,Vast.ai,B200,3.1257,3.126,3.1263,,3.1257,2,Available,US:2
2026-03-12 03:40:55,Vast.ai,H200,2.0695,2.2943,2.8392,,2.0695,4,Available,BG:1; US:1; IS:1
2026-03-12 03:40:55,Vast.ai,H100,1.4678,1.8681,2.2689,,1.4678,11,Available,AU:4; US:3; NL:2
2026-03-12 03:40:55,RunPod,B200,4.99,5.98,4.99,5.98,,,Unknown,
2026-03-12 03:40:55,RunPod,B300,6.19,6.19,6.59,6.19,6.19,,Unknown,
2026-03-12 03:40:55,RunPod,H100,1.5,2.69,2.69,2.69,1.5,,Unknown,
2026-03-12 03:40:55,RunPod,H100,1.4,2.59,3.07,2.59,1.4,,Unknown,
2026-03-12 03:40:55,RunPod,H100,1.35,1.99,2.39,1.99,1.35,,Unknown,
2026-03-12 03:40:55,RunPod,H200,3.59,3.59,3.59,3.59,,,Unknown,
2026-03-12 03:40:55,RunPod,H200,0.5,0.5,3.39,0.5,,,Unknown,
2026-03-12 03:40:55,RunPod,L40S,0.4,0.79,0.86,0.79,0.4,,Unknown,
2026-03-12 03:40:55,RunPod,RTX A6000,0.25,0.33,0.49,0.33,0.25,,Unknown,
2026-03-12 03:40:55,Lambda,H200,1.99,1.99,1.99,1.99,,0,Unavailable,
2026-03-12 03:40:55,Lambda,B200,5.74,5.74,5.74,5.74,,0,Unavailable,
2026-03-12 03:40:55,Lambda,B200,5.85,5.85,5.85,5.85,,0,Unavailable,
2026-03-12 03:40:55,Lambda,B200,5.97,5.97,5.97,5.97,,0,Unavailable,
2026-03-12 03:40:55,Lambda,B200,6.08,6.08,6.08,6.08,,0,Unavailable,
2026-03-12 03:40:55,Lambda,H100,3.44,3.44,3.44,3.44,,0,Unavailable,
2026-03-12 03:40:55,Lambda,H100,3.55,3.55,3.55,3.55,,0,Unavailable,
2026-03-12 03:40:55,Lambda,H100,3.67,3.67,3.67,3.67,,0,Unavailable,
2026-03-12 03:40:55,Lambda,H100,3.78,3.78,3.78,3.78,,0,Unavailable,
2026-03-12 03:40:55,Lambda,H100,2.86,2.86,2.86,2.86,,0,Unavailable,
2026-03-12 03:57:10,Vast.ai,B200,3.1257,3.1263,3.127,,3.1257,2,Available,US:2
2026-03-12 03:57:10,Vast.ai,H100,1.4609,1.8672,2.2689,,1.4609,10,Available,AU:4; US:3; NL:2
2026-03-12 03:57:10,Vast.ai,H200,2.067,2.839,2.8409,,2.067,5,Available,IS:3; US:2
2026-03-12 03:57:10,RunPod,B200,4.99,5.98,4.99,5.98,,,Unknown,
2026-03-12 03:57:10,RunPod,B300,6.19,6.19,6.59,6.19,6.19,,Unknown,
2026-03-12 03:57:10,RunPod,H100,1.5,2.69,2.69,2.69,1.5,,Unknown,
2026-03-12 03:57:10,RunPod,H100,1.4,2.59,3.07,2.59,1.4,,Unknown,
2026-03-12 03:57:10,RunPod,H100,1.35,1.99,2.39,1.99,1.35,,Unknown,
2026-03-12 03:57:10,RunPod,H200,3.59,3.59,3.59,3.59,,,Unknown,
2026-03-12 03:57:10,RunPod,H200,0.5,0.5,3.39,0.5,,,Unknown,
2026-03-12 03:57:10,RunPod,L40S,0.4,0.79,0.86,0.79,0.4,,Unknown,
2026-03-12 03:57:10,RunPod,RTX A6000,0.25,0.33,0.49,0.33,0.25,,Unknown,
2026-03-12 03:57:10,Lambda,H200,1.99,1.99,1.99,1.99,,0,Unavailable,
2026-03-12 03:57:10,Lambda,B200,5.74,5.74,5.74,5.74,,0,Unavailable,
2026-03-12 03:57:10,Lambda,B200,5.85,5.85,5.85,5.85,,0,Unavailable,
2026-03-12 03:57:10,Lambda,B200,5.97,5.97,5.97,5.97,,0,Unavailable,
2026-03-12 03:57:10,Lambda,B200,6.08,6.08,6.08,6.08,,0,Unavailable,
2026-03-12 03:57:10,Lambda,H100,3.44,3.44,3.44,3.44,,0,Unavailable,
2026-03-12 03:57:10,Lambda,H100,3.55,3.55,3.55,3.55,,0,Unavailable,
2026-03-12 03:57:10,Lambda,H100,3.67,3.67,3.67,3.67,,0,Unavailable,
2026-03-12 03:57:10,Lambda,H100,3.78,3.78,3.78,3.78,,0,Unavailable,
2026-03-12 03:57:10,Lambda,H100,2.86,2.86,2.86,2.86,,0,Unavailable,
2026-03-12 04:05:32,Vast.ai,B200,3.1257,3.126,3.1263,,3.1257,2,Available,US:2
2026-03-12 04:05:32,Vast.ai,H200,2.0695,2.3282,2.8409,,2.0695,6,Available,US:3; IS:2; BG:1
2026-03-12 04:05:32,Vast.ai,H100,1.601,2.0019,2.2689,,1.601,10,Available,AU:4; NL:3; US:2
2026-03-12 04:05:32,RunPod,B200,4.99,5.98,4.99,5.98,,,Unknown,
2026-03-12 04:05:32,RunPod,B300,6.19,6.19,6.59,6.19,6.19,,Unknown,
2026-03-12 04:05:32,RunPod,H100,1.5,2.69,2.69,2.69,1.5,,Unknown,
2026-03-12 04:05:32,RunPod,H100,1.4,2.59,3.07,2.59,1.4,,Unknown,
2026-03-12 04:05:32,RunPod,H100,1.35,1.99,2.39,1.99,1.35,,Unknown,
2026-03-12 04:05:32,RunPod,H200,3.59,3.59,3.59,3.59,,,Unknown,
2026-03-12 04:05:32,RunPod,H200,0.5,0.5,3.39,0.5,,,Unknown,
2026-03-12 04:05:32,RunPod,L40S,0.4,0.79,0.86,0.79,0.4,,Unknown,
2026-03-12 04:05:32,RunPod,RTX A6000,0.25,0.33,0.49,0.33,0.25,,Unknown,
2026-03-12 04:05:32,Lambda,H200,1.99,1.99,1.99,1.99,,1,Available,"Washington DC, USA"
2026-03-12 04:05:32,Lambda,B200,5.74,5.74,5.74,5.74,,0,Unavailable,
2026-03-12 04:05:32,Lambda,B200,5.85,5.85,5.85,5.85,,0,Unavailable,
2026-03-12 04:05:32,Lambda,B200,5.97,5.97,5.97,5.97,,0,Unavailable,
2026-03-12 04:05:32,Lambda,B200,6.08,6.08,6.08,6.08,,0,Unavailable,
2026-03-12 04:05:32,Lambda,H100,3.44,3.44,3.44,3.44,,0,Unavailable,
2026-03-12 04:05:32,Lambda,H100,3.55,3.55,3.55,3.55,,0,Unavailable,
2026-03-12 04:05:32,Lambda,H100,3.67,3.67,3.67,3.67,,0,Unavailable,
2026-03-12 04:05:32,Lambda,H100,3.78,3.78,3.78,3.78,,2,Available,"North Texas, USA; Central Texas, USA"
2026-03-12 04:05:32,Lambda,H100,2.86,2.86,2.86,2.86,,1,Available,"Utah, USA"
2026-03-12 04:59:04,Vast.ai,B200,3.002,3.0645,3.127,,3.002,2,Available,US:2
2026-03-12 04:59:04,Vast.ai,H200,2.0687,2.3231,2.8409,,2.0687,7,Available,IS:2; US:2; IN:2
2026-03-12 04:59:04,Vast.ai,H100,1.6678,2.0675,2.2689,,1.6678,8,Available,AU:4; US:3; NL:1
2026-03-12 04:59:04,RunPod,B200,4.99,5.98,4.99,5.98,,,Unknown,
2026-03-12 04:59:04,RunPod,B300,6.19,6.19,6.59,6.19,6.19,,Unknown,
2026-03-12 04:59:04,RunPod,H100,1.5,2.69,2.69,2.69,1.5,,Unknown,
2026-03-12 04:59:04,RunPod,H100,1.4,2.59,3.07,2.59,1.4,,Unknown,
2026-03-12 04:59:04,RunPod,H100,1.35,1.99,2.39,1.99,1.35,,Unknown,
2026-03-12 04:59:04,RunPod,H200,3.59,3.59,3.59,3.59,,,Unknown,
2026-03-12 04:59:04,RunPod,H200,0.5,0.5,3.39,0.5,,,Unknown,
2026-03-12 04:59:04,RunPod,L40S,0.4,0.79,0.86,0.79,0.4,,Unknown,
2026-03-12 04:59:04,RunPod,RTX A6000,0.25,0.33,0.49,0.33,0.25,,Unknown,
2026-03-12 04:59:04,Lambda,H200,1.99,1.99,1.99,1.99,,0,Unavailable,
2026-03-12 04:59:04,Lambda,B200,5.74,5.74,5.74,5.74,,0,Unavailable,
2026-03-12 04:59:04,Lambda,B200,5.85,5.85,5.85,5.85,,0,Unavailable,
2026-03-12 04:59:04,Lambda,B200,5.97,5.97,5.97,5.97,,0,Unavailable,
2026-03-12 04:59:04,Lambda,B200,6.08,6.08,6.08,6.08,,0,Unavailable,
2026-03-12 04:59:04,Lambda,H100,3.44,3.44,3.44,3.44,,0,Unavailable,
2026-03-12 04:59:04,Lambda,H100,3.55,3.55,3.55,3.55,,0,Unavailable,
2026-03-12 04:59:04,Lambda,H100,3.67,3.67,3.67,3.67,,0,Unavailable,
2026-03-12 04:59:04,Lambda,H100,3.78,3.78,3.78,3.78,,0,Unavailable,
2026-03-12 04:59:04,Lambda,H100,2.86,2.86,2.86,2.86,,0,Unavailable,
2026-03-12 06:06:57,Vast.ai,B200,3.127,3.127,3.127,,3.127,1,Available,US:1
2026-03-12 06:06:57,Vast.ai,H200,2.072,2.4719,2.8409,,2.072,7,Available,IS:3; CZ:1; US:1
2026-03-12 06:06:57,Vast.ai,H100,1.4476,1.8678,2.2689,,1.4476,6,Available,US:2; NL:2; AU:2
2026-03-12 06:06:57,RunPod,B200,4.99,5.98,4.99,5.98,,,Unknown,
2026-03-12 06:06:57,RunPod,B300,6.19,6.19,6.59,6.19,6.19,,Unknown,
2026-03-12 06:06:57,RunPod,H100,1.5,2.69,2.69,2.69,1.5,,Unknown,
2026-03-12 06:06:57,RunPod,H100,1.4,2.59,3.07,2.59,1.4,,Unknown,
2026-03-12 06:06:57,RunPod,H100,1.35,1.99,2.39,1.99,1.35,,Unknown,
2026-03-12 06:06:57,RunPod,H200,3.59,3.59,3.59,3.59,,,Unknown,
2026-03-12 06:06:57,RunPod,H200,0.5,0.5,3.39,0.5,,,Unknown,
2026-03-12 06:06:57,RunPod,L40S,0.4,0.79,0.86,0.79,0.4,,Unknown,
2026-03-12 06:06:57,RunPod,RTX A6000,0.25,0.33,0.49,0.33,0.25,,Unknown,
2026-03-12 06:06:57,Lambda,H200,1.99,1.99,1.99,1.99,,1,Available,"Washington DC, USA"
2026-03-12 06:06:57,Lambda,B200,5.74,5.74,5.74,5.74,,0,Unavailable,
2026-03-12 06:06:57,Lambda,B200,5.85,5.85,5.85,5.85,,0,Unavailable,
2026-03-12 06:06:57,Lambda,B200,5.97,5.97,5.97,5.97,,0,Unavailable,
2026-03-12 06:06:57,Lambda,B200,6.08,6.08,6.08,6.08,,0,Unavailable,
2026-03-12 06:06:57,Lambda,H100,3.44,3.44,3.44,3.44,,0,Unavailable,
2026-03-12 06:06:57,Lambda,H100,3.55,3.55,3.55,3.55,,0,Unavailable,
2026-03-12 06:06:57,Lambda,H100,3.67,3.67,3.67,3.67,,0,Unavailable,
2026-03-12 06:06:57,Lambda,H100,3.78,3.78,3.78,3.78,,0,Unavailable,
2026-03-12 06:06:57,Lambda,H100,2.86,2.86,2.86,2.86,,0,Unavailable,
2026-03-12 07:14:27,Vast.ai,B200,3.002,3.0645,3.127,,3.002,2,Available,US:2
2026-03-12 07:14:27,Vast.ai,H200,2.1356,2.3385,2.8409,,2.1356,7,Available,SE:2; US:2; CZ:1
2026-03-12 07:14:27,Vast.ai,H100,1.4672,1.8681,2.2689,,1.4672,9,Available,AU:4; US:3; NL:1
2026-03-12 07:14:27,RunPod,B200,4.99,5.98,4.99,5.98,,,Unknown,
2026-03-12 07:14:27,RunPod,B300,6.19,6.19,6.59,6.19,6.19,,Unknown,
2026-03-12 07:14:27,RunPod,H100,1.5,2.69,2.69,2.69,1.5,,Unknown,
2026-03-12 07:14:27,RunPod,H100,1.4,2.59,3.07,2.59,1.4,,Unknown,
2026-03-12 07:14:27,RunPod,H100,1.35,1.99,2.39,1.99,1.35,,Unknown,
2026-03-12 07:14:27,RunPod,H200,3.59,3.59,3.59,3.59,,,Unknown,
2026-03-12 07:14:27,RunPod,H200,0.5,0.5,3.39,0.5,,,Unknown,
2026-03-12 07:14:27,RunPod,L40S,0.4,0.79,0.86,0.79,0.4,,Unknown,
2026-03-12 07:14:27,RunPod,RTX A6000,0.25,0.33,0.49,0.33,0.25,,Unknown,
2026-03-12 07:14:27,Lambda,H200,1.99,1.99,1.99,1.99,,0,Unavailable,
2026-03-12 07:14:27,Lambda,B200,5.74,5.74,5.74,5.74,,0,Unavailable,
2026-03-12 07:14:27,Lambda,B200,5.85,5.85,5.85,5.85,,0,Unavailable,
2026-03-12 07:14:27,Lambda,B200,5.97,5.97,5.97,5.97,,0,Unavailable,
2026-03-12 07:14:27,Lambda,B200,6.08,6.08,6.08,6.08,,0,Unavailable,
2026-03-12 07:14:27,Lambda,H100,3.44,3.44,3.44,3.44,,0,Unavailable,
2026-03-12 07:14:27,Lambda,H100,3.55,3.55,3.55,3.55,,0,Unavailable,
2026-03-12 07:14:27,Lambda,H100,3.67,3.67,3.67,3.67,,0,Unavailable,
2026-03-12 07:14:27,Lambda,H100,3.78,3.78,3.78,3.78,,0,Unavailable,
2026-03-12 07:14:27,Lambda,H100,2.86,2.86,2.86,2.86,,0,Unavailable,
2026-03-12 07:58:48,Vast.ai,B200,3.002,3.0641,3.1263,,3.002,2,Available,US:2
2026-03-12 07:58:48,Vast.ai,H200,2.3227,2.4525,2.8398,,2.3227,6,Available,SE:3; CZ:1; IS:1
2026-03-12 07:58:48,Vast.ai,H100,1.4672,1.6689,2.2689,,1.4672,9,Available,US:4; NL:2; AU:2
2026-03-12 07:58:48,RunPod,B200,4.99,5.98,4.99,5.98,,,Unknown,
2026-03-12 07:58:48,RunPod,B300,6.19,6.19,6.59,6.19,6.19,,Unknown,
2026-03-12 07:58:48,RunPod,H100,1.5,2.69,2.69,2.69,1.5,,Unknown,
2026-03-12 07:58:48,RunPod,H100,1.4,2.59,3.07,2.59,1.4,,Unknown,
2026-03-12 07:58:48,RunPod,H100,1.35,1.99,2.39,1.99,1.35,,Unknown,
2026-03-12 07:58:48,RunPod,H200,3.59,3.59,3.59,3.59,,,Unknown,
2026-03-12 07:58:48,RunPod,H200,0.5,0.5,3.39,0.5,,,Unknown,
2026-03-12 07:58:48,RunPod,L40S,0.4,0.79,0.86,0.79,0.4,,Unknown,
2026-03-12 07:58:48,RunPod,RTX A6000,0.25,0.33,0.49,0.33,0.25,,Unknown,
2026-03-12 07:58:48,Lambda,H200,1.99,1.99,1.99,1.99,,1,Available,"Washington DC, USA"
2026-03-12 07:58:48,Lambda,B200,5.74,5.74,5.74,5.74,,0,Unavailable,
2026-03-12 07:58:48,Lambda,B200,5.85,5.85,5.85,5.85,,0,Unavailable,
2026-03-12 07:58:48,Lambda,B200,5.97,5.97,5.97,5.97,,0,Unavailable,
2026-03-12 07:58:48,Lambda,B200,6.08,6.08,6.08,6.08,,0,Unavailable,
2026-03-12 07:58:48,Lambda,H100,3.44,3.44,3.44,3.44,,0,Unavailable,
2026-03-12 07:58:48,Lambda,H100,3.55,3.55,3.55,3.55,,0,Unavailable,
2026-03-12 07:58:48,Lambda,H100,3.67,3.67,3.67,3.67,,0,Unavailable,
2026-03-12 07:58:48,Lambda,H100,3.78,3.78,3.78,3.78,,0,Unavailable,
2026-03-12 07:58:48,Lambda,H100,2.86,2.86,2.86,2.86,,0,Unavailable,
2026-03-12 09:03:09,Vast.ai,B200,3.002,3.0645,3.127,,3.002,2,Available,US:2
2026-03-12 09:03:09,Vast.ai,H200,2.3237,2.4519,2.8409,,2.3237,4,Available,SE:2; IS:1; US:1
2026-03-12 09:03:09,Vast.ai,H100,1.6014,1.8674,2.2689,,1.6014,11,Available,US:5; AU:4; NL:2
2026-03-12 09:03:09,RunPod,B200,4.99,5.98,4.99,5.98,,,Unknown,
2026-03-12 09:03:09,RunPod,B300,6.19,6.19,6.59,6.19,6.19,,Unknown,
2026-03-12 09:03:09,RunPod,H100,1.5,2.69,2.69,2.69,1.5,,Unknown,
2026-03-12 09:03:09,RunPod,H100,1.4,2.59,3.07,2.59,1.4,,Unknown,
2026-03-12 09:03:09,RunPod,H100,1.35,1.99,2.39,1.99,1.35,,Unknown,
2026-03-12 09:03:09,RunPod,H200,3.59,3.59,3.59,3.59,,,Unknown,
2026-03-12 09:03:09,RunPod,H200,0.5,0.5,3.39,0.5,,,Unknown,
2026-03-12 09:03:09,RunPod,L40S,0.4,0.79,0.86,0.79,0.4,,Unknown,
2026-03-12 09:03:09,RunPod,RTX A6000,0.25,0.33,0.49,0.33,0.25,,Unknown,
2026-03-12 09:03:09,Lambda,H200,1.99,1.99,1.99,1.99,,0,Unavailable,
2026-03-12 09:03:09,Lambda,B200,5.74,5.74,5.74,5.74,,0,Unavailable,
2026-03-12 09:03:09,Lambda,B200,5.85,5.85,5.85,5.85,,0,Unavailable,
2026-03-12 09:03:09,Lambda,B200,5.97,5.97,5.97,5.97,,0,Unavailable,
2026-03-12 09:03:09,Lambda,B200,6.08,6.08,6.08,6.08,,0,Unavailable,
2026-03-12 09:03:09,Lambda,H100,3.44,3.44,3.44,3.44,,0,Unavailable,
2026-03-12 09:03:09,Lambda,H100,3.55,3.55,3.55,3.55,,0,Unavailable,
2026-03-12 09:03:09,Lambda,H100,3.67,3.67,3.67,3.67,,0,Unavailable,
2026-03-12 09:03:09,Lambda,H100,3.78,3.78,3.78,3.78,,0,Unavailable,
2026-03-12 09:03:09,Lambda,H100,2.86,2.86,2.86,2.86,,0,Unavailable,
2026-03-12 10:02:14,Vast.ai,B200,3.002,3.0645,3.127,,3.002,2,Available,US:2
2026-03-12 10:02:14,Vast.ai,H200,2.0687,2.3234,2.8409,,2.0687,6,Available,US:2; IS:2; IN:2
2026-03-12 10:02:14,Vast.ai,H100,1.6006,1.7474,2.2689,,1.6006,7,Available,US:4; AU:2; NL:1
2026-03-12 10:02:14,RunPod,B200,4.99,5.98,4.99,5.98,,,Unknown,
2026-03-12 10:02:14,RunPod,B300,6.19,6.19,6.59,6.19,6.19,,Unknown,
2026-03-12 10:02:14,RunPod,H100,1.5,2.69,2.69,2.69,1.5,,Unknown,
2026-03-12 10:02:14,RunPod,H100,1.4,2.59,3.07,2.59,1.4,,Unknown,
2026-03-12 10:02:14,RunPod,H100,1.35,1.99,2.39,1.99,1.35,,Unknown,
2026-03-12 10:02:14,RunPod,H200,3.59,3.59,3.59,3.59,,,Unknown,
2026-03-12 10:02:14,RunPod,H200,0.5,0.5,3.39,0.5,,,Unknown,
2026-03-12 10:02:14,RunPod,L40S,0.4,0.79,0.86,0.79,0.4,,Unknown,
2026-03-12 10:02:14,RunPod,RTX A6000,0.25,0.33,0.49,0.33,0.25,,Unknown,
2026-03-12 10:02:14,Lambda,H200,1.99,1.99,1.99,1.99,,1,Available,"Washington DC, USA"
2026-03-12 10:02:14,Lambda,B200,5.74,5.74,5.74,5.74,,0,Unavailable,
2026-03-12 10:02:14,Lambda,B200,5.85,5.85,5.85,5.85,,0,Unavailable,
2026-03-12 10:02:14,Lambda,B200,5.97,5.97,5.97,5.97,,0,Unavailable,
2026-03-12 10:02:14,Lambda,B200,6.08,6.08,6.08,6.08,,0,Unavailable,
2026-03-12 10:02:14,Lambda,H100,3.44,3.44,3.44,3.44,,0,Unavailable,
2026-03-12 10:02:14,Lambda,H100,3.55,3.55,3.55,3.55,,0,Unavailable,
2026-03-12 10:02:14,Lambda,H100,3.67,3.67,3.67,3.67,,0,Unavailable,
2026-03-12 10:02:14,Lambda,H100,3.78,3.78,3.78,3.78,,0,Unavailable,
2026-03-12 10:02:14,Lambda,H100,2.86,2.86,2.86,2.86,,0,Unavailable,
